Workbook

Sheet DATOS
C1: MESENERGIA · +Energía
C2: Generador de ofertas AVATEL
C3: Rellena los datos durante la llamada · la hoja OFERTA se actualiza sola · expórtala a PDF
B6: CÓMO SE USA: 1) Rellena las celdas amarillas (las grises se calculan solas; usa Tab para saltar de una a otra). 2) Revisa la hoja OFERTA. 3) Exporta a PDF solo la hoja OFERTA → Excel: Archivo › Exportar › Crear PDF (o Imprimir › «Imprimir hojas activas» › Guardar como PDF). Google Sheets: Archivo › Descargar › PDF › Hoja actual.
B7: Celda a rellenar | C7: Se calcula sola | D7: Ejemplo relleno: sobrescríbelo con los datos del cliente.
B9: 1 · DATOS DE LA OFERTA
B10: Fecha de la oferta | C10: 46308 | D10: Formato dd/mm/aaaa
B11: Asesor comercial | C11: Gabriela | E11: Nombre que verá el cliente en la oferta
B12: Oferta válida hasta (opcional) | D12: Si lo dejas vacío no aparece en la oferta
B14: 2 · CLIENTE
B15: Nombre completo | C15: María López Fernández
B17: 3 · TARIFA AVATEL
B18: Tarifa | C18: Conecta Sin Límites | E18: Precio tarifario | F18: =IFERROR(INDEX(TARIFAS!$F$6:$F$9,MATCH($C$18,TARIFAS!$A$6:$A$9,0)),"") -> 39.99
B19: Qué incluye | C19: =IFERROR(INDEX(TARIFAS!$C$6:$C$9,MATCH($C$18,TARIFAS!$A$6:$A$9,0)),"Elige una tarifa") -> Fibra 1000 Mb · Router WiFi 6 · Instalación gratis · 2 líneas móviles 5G con datos ilimitados y llamadas ilimitadas · 12 meses de Amazon Prime
B20: Líneas móviles incluidas en la tarifa | C20: =IFERROR(INDEX(TARIFAS!$D$6:$D$9,MATCH($C$18,TARIFAS!$A$6:$A$9,0)),0) -> 2 | D20: Las primeras líneas de la tabla de abajo van incluidas; el resto son adicionales con bono
B22: 4 · LÍNEAS MÓVILES (portabilidad · máximo 5 por cliente)
B23: Línea | C23: Número (9 dígitos) | D23: Bono de datos (solo adicionales) | E23: Datos | F23: €/mes extra | G23: Comprobación
B24: Línea principal | C24: 612345678 | E24: =IF(C24="","",IF(1<=$C$20,INDEX(TARIFAS!$E$6:$E$9,MATCH($C$18,TARIFAS!$A$6:$A$9,0)),D24)) -> Datos ilimitados (5G) | F24: =IF(OR(C24="",D24="",1<=$C$20),0,N(IFERROR(INDEX(TARIFAS!$B$13:$E$16,MATCH($C$18,TARIFAS!$A$13:$A$16,0),MATCH(D24,TARIFAS!$B$12:$E$12,0)),0))) -> 0 | G24: =IF(AND(C24="",D24=""),"",IF(C24="","⚠ Falta el número",IF(LEN(C24)<>9,"⚠ El número debe tener 9 dígitos",IF($C$18="","⚠ Elige primero la tarifa",IF(1<=$C$20,"✔ Incluida en la tarifa",IF(D24="","⚠ Elige el bono de datos",IF(ISNUMBER(IFERROR(INDEX(TARIFAS!$B$13:$E$16,MATCH($C$18,TARIFAS!$A$13:$A$16,0),MATCH(D24,TARIFAS!$B$12:$E$12,0)),"")),"✔ Línea adicional","⚠ Bono no disponible con esta tarifa"))))))) -> ✔ Incluida en la tarifa
B25: Línea adicional 1 | C25: 623456789 | E25: =IF(C25="","",IF(2<=$C$20,INDEX(TARIFAS!$E$6:$E$9,MATCH($C$18,TARIFAS!$A$6:$A$9,0)),D25)) -> Datos ilimitados (5G) | F25: =IF(OR(C25="",D25="",2<=$C$20),0,N(IFERROR(INDEX(TARIFAS!$B$13:$E$16,MATCH($C$18,TARIFAS!$A$13:$A$16,0),MATCH(D25,TARIFAS!$B$12:$E$12,0)),0))) -> 0 | G25: =IF(AND(C25="",D25=""),"",IF(C25="","⚠ Falta el número",IF(LEN(C25)<>9,"⚠ El número debe tener 9 dígitos",IF($C$18="","⚠ Elige primero la tarifa",IF(2<=$C$20,"✔ Incluida en la tarifa",IF(D25="","⚠ Elige el bono de datos",IF(ISNUMBER(IFERROR(INDEX(TARIFAS!$B$13:$E$16,MATCH($C$18,TARIFAS!$A$13:$A$16,0),MATCH(D25,TARIFAS!$B$12:$E$12,0)),"")),"✔ Línea adicional","⚠ Bono no disponible con esta tarifa"))))))) -> ✔ Incluida en la tarifa
B26: Línea adicional 2 | C26: 634567890 | D26: Datos ilimitados | E26: =IF(C26="","",IF(3<=$C$20,INDEX(TARIFAS!$E$6:$E$9,MATCH($C$18,TARIFAS!$A$6:$A$9,0)),D26)) -> Datos ilimitados | F26: =IF(OR(C26="",D26="",3<=$C$20),0,N(IFERROR(INDEX(TARIFAS!$B$13:$E$16,MATCH($C$18,TARIFAS!$A$13:$A$16,0),MATCH(D26,TARIFAS!$B$12:$E$12,0)),0))) -> 10 | G26: =IF(AND(C26="",D26=""),"",IF(C26="","⚠ Falta el número",IF(LEN(C26)<>9,"⚠ El número debe tener 9 dígitos",IF($C$18="","⚠ Elige primero la tarifa",IF(3<=$C$20,"✔ Incluida en la tarifa",IF(D26="","⚠ Elige el bono de datos",IF(ISNUMBER(IFERROR(INDEX(TARIFAS!$B$13:$E$16,MATCH($C$18,TARIFAS!$A$13:$A$16,0),MATCH(D26,TARIFAS!$B$12:$E$12,0)),"")),"✔ Línea adicional","⚠ Bono no disponible con esta tarifa"))))))) -> ✔ Línea adicional
B27: Línea adicional 3 | E27: =IF(C27="","",IF(4<=$C$20,INDEX(TARIFAS!$E$6:$E$9,MATCH($C$18,TARIFAS!$A$6:$A$9,0)),D27)) | F27: =IF(OR(C27="",D27="",4<=$C$20),0,N(IFERROR(INDEX(TARIFAS!$B$13:$E$16,MATCH($C$18,TARIFAS!$A$13:$A$16,0),MATCH(D27,TARIFAS!$B$12:$E$12,0)),0))) -> 0 | G27: =IF(AND(C27="",D27=""),"",IF(C27="","⚠ Falta el número",IF(LEN(C27)<>9,"⚠ El número debe tener 9 dígitos",IF($C$18="","⚠ Elige primero la tarifa",IF(4<=$C$20,"✔ Incluida en la tarifa",IF(D27="","⚠ Elige el bono de datos",IF(ISNUMBER(IFERROR(INDEX(TARIFAS!$B$13:$E$16,MATCH($C$18,TARIFAS!$A$13:$A$16,0),MATCH(D27,TARIFAS!$B$12:$E$12,0)),"")),"✔ Línea adicional","⚠ Bono no disponible con esta tarifa")))))))
B28: Línea adicional 4 | E28: =IF(C28="","",IF(5<=$C$20,INDEX(TARIFAS!$E$6:$E$9,MATCH($C$18,TARIFAS!$A$6:$A$9,0)),D28)) | F28: =IF(OR(C28="",D28="",5<=$C$20),0,N(IFERROR(INDEX(TARIFAS!$B$13:$E$16,MATCH($C$18,TARIFAS!$A$13:$A$16,0),MATCH(D28,TARIFAS!$B$12:$E$12,0)),0))) -> 0 | G28: =IF(AND(C28="",D28=""),"",IF(C28="","⚠ Falta el número",IF(LEN(C28)<>9,"⚠ El número debe tener 9 dígitos",IF($C$18="","⚠ Elige primero la tarifa",IF(5<=$C$20,"✔ Incluida en la tarifa",IF(D28="","⚠ Elige el bono de datos",IF(ISNUMBER(IFERROR(INDEX(TARIFAS!$B$13:$E$16,MATCH($C$18,TARIFAS!$A$13:$A$16,0),MATCH(D28,TARIFAS!$B$12:$E$12,0)),"")),"✔ Línea adicional","⚠ Bono no disponible con esta tarifa")))))))
B30: 5 · TELÉFONO FIJO
B31: Número fijo a portar | C31: 944123456 | D31: Déjalo vacío si el cliente no lleva línea fija
B33: 6 · EXTRAS
B34: Televisión CLICtv (con deco) | C34: Sí | D34: Sí / No
B35: Canal Local CLICtv | C35: No | D35: Sí / No · requiere CLICtv
B36: Conecta Mesh (nº de dispositivos) | C36: 1 | D36: 0 a 5 · amplía la cobertura WiFi
B37: Otras ventajas para el cliente (opcional)
B39: 7 · PRECIO
B40: Precio orientativo según tarifario | C40: =IFERROR(INDEX(TARIFAS!$F$6:$F$9,MATCH($C$18,TARIFAS!$A$6:$A$9,0)),0)+SUM(F24:F28)+IF(C31<>"",TARIFAS!$B$21,0)+IF(C34="Sí",TARIFAS!$B$22,0)+IF(AND(C34="Sí",C35="Sí"),TARIFAS!$B$23,0)+N(C36)*TARIFAS!$B$24 -> 63.98 | D40: Tarifa + líneas adicionales + fijo + extras, según la hoja TARIFAS (solo referencia interna)
B41: PRECIO DE NUESTRA OFERTA (€/mes, IVA incl.) | C41: 59.9 | D41: Es el precio que verá el cliente. Si lo dejas vacío se usará el orientativo
B42: Precio que aparece en el PDF | C42: =IF(ISNUMBER(C41),C41,C40) -> 59.9
B44: ESTADO
B45: =IF(C15="","⚠ Falta el nombre completo del cliente",IF(C18="","⚠ Elige la tarifa AVATEL",IF(SUMPRODUCT(--(LEFT(G24:G28,1)="⚠"))>0,"⚠ Revisa las líneas móviles (columna Comprobación)",IF(AND(C31<>"",LEN(C31)<>9),"⚠ El teléfono fijo debe tener 9 dígitos",IF(AND(C35="Sí",C34<>"Sí"),"⚠ El Canal Local requiere CLICtv con deco",IF(NOT(ISNUMBER(C41)),"ℹ Sin precio propio: el PDF mostrará el precio orientativo","✔ Oferta lista: ve a la hoja OFERTA y expórtala a PDF")))))) -> ✔ Oferta lista: ve a la hoja OFERTA y expórtala a PDF

Sheet OFERTA
D1: =TARIFAS!$B$27&"" -> MESENERGIA
D2: =TARIFAS!$B$28&"" -> www.mesenergia.es
D3: =TARIFAS!$B$29&""
D4: =TARIFAS!$B$30&""
A8: CONDICIONES Y TARIFA PERSONALIZADA
A10: CLIENTE | E10: FECHA | F10: REFERENCIA
A11: =IF(DATOS!$C$15="","—",DATOS!$C$15) -> María López Fernández | E11: =IF(DATOS!$C$10="","",DATOS!$C$10) -> 46308 | F11: =IF(DATOS!$C$10="","","AV-"&YEAR(DATOS!$C$10)&RIGHT("0"&MONTH(DATOS!$C$10),2)&RIGHT("0"&DAY(DATOS!$C$10),2)&IF(CALC!$B$3="","","-"&RIGHT(CALC!$B$3,4))) -> AV-20261013-5678
A12: =IF(DATOS!$C$11="","","Asesor comercial: "&DATOS!$C$11) -> Asesor comercial: Gabriela | E12: =IF(DATOS!$C$12="","","Válida hasta") | F12: =IF(DATOS!$C$12="","",DATOS!$C$12)
A14: =TARIFAS!$B$32&" Pásate a "&TARIFAS!$B$31&" y disfruta de la siguiente oferta, preparada en exclusiva para ti." -> En MESENERGIA somos distribuidores oficiales de AVATEL y comercializamos ofertas exclusivas diseñadas específicamente para nuestros clientes, con condiciones preferentes y promociones especiales no disponibles en otros canales. Pásate a AVATEL y disfruta de la siguiente oferta, preparada en exclusiva para ti.
B17: TU TARIFA AVATEL | E17: CUOTA MENSUAL
B18: =IFERROR(INDEX(TARIFAS!$B$6:$B$9,MATCH(DATOS!$C$18,TARIFAS!$A$6:$A$9,0)),"Selecciona una tarifa") -> Conecta Sin Límites prime | E18: =DATOS!$C$42 -> 59.9
B19: =CALC!$D$27 -> Fibra 1 Gb · 3 líneas móviles · Teléfono fijo · Televisión · Amazon Prime | F19: al mes · IVA incluido
A22: SERVICIOS INCLUIDOS EN TU OFERTA
B24: =CALC!$C$19 -> Fibra óptica 1 Gb | D24: =CALC!$D$19 -> Conexión a Internet de alta velocidad mediante red de fibra óptica de 1 Gb (1000 Mb), con router WiFi 6 incluido e instalación gratuita. Incluye 1 dispositivo Conecta Mesh para ampliar la cobertura WiFi en toda la vivienda.
B25: =CALC!$C$20 -> Telefonía móvil | D25: =CALC!$D$20 -> Líneas móviles en modalidad de portabilidad, todas con llamadas ilimitadas a destinos nacionales: • Línea principal 612 345 678 · Datos ilimitados (5G) • Línea adicional 623 456 789 · Datos ilimitados (5G) • Línea adicional 634 567 890 · Datos ilimitados
B26: =CALC!$C$21 -> Telefonía fija | D26: =CALC!$D$21 -> Línea de teléfono fijo en modalidad de portabilidad con el número 944 123 456, con 1.000 minutos a fijos y 1.000 minutos a móviles nacionales.
B27: =CALC!$C$22 -> Televisión | D27: =CALC!$D$22 -> Servicio de televisión CLICtv con decodificador incluido, para disfrutar de tus canales y contenidos favoritos.
B28: =CALC!$C$23 -> Amazon Prime | D28: =CALC!$D$23 -> 12 meses de Amazon Prime incluidos con tu tarifa, conforme a las condiciones del proveedor del servicio.
B29: =CALC!$C$24 | D29: =CALC!$D$24
A31: =IF(DATOS!$C$11="","Nuestro equipo",DATOS!$C$11)&" te acompañará durante todo el proceso de alta, portabilidad e instalación para que no tengas que preocuparte de nada."&IF(AND(TARIFAS!$B$29="",TARIFAS!$B$30=""),""," Para cualquier consulta, contacta con nosotros en "&TARIFAS!$B$29&IF(AND(TARIFAS!$B$29<>"",TARIFAS!$B$30<>"")," o en el ","")&TARIFAS!$B$30&".") -> Gabriela te acompañará durante todo el proceso de alta, portabilidad e instalación para que no tengas que preocuparte de nada.
A33: =TARIFAS!$B$40&"" -> Precios con IVA incluido. Servicios prestados por AVATEL, sujetos a cobertura y a la validación de los datos del titular por parte de la operadora.

Sheet TARIFAS
A1: TARIFAS AVATEL · Oferta comercial cliente nuevo
A2: Fuente: tarifario AVATEL Telecom + Energía (vigencia 18/08/2026 – 15/10/2026). Las celdas amarillas se pueden actualizar cuando cambie el tarifario: la oferta se recalcula sola.
A4: PAQUETES
A5: Tarifa | B5: Nombre en la oferta | C5: Qué incluye (referencia interna) | D5: Líneas móviles incluidas | E5: Datos de las líneas incluidas | F5: Precio €/mes (IVA incl.)
A6: Conecta Fibra | B6: Conecta Fibra prime | C6: Fibra 1000 Mb · Router WiFi 6 · Instalación gratis · 12 meses de Amazon Prime | D6: 0 | E6: — | F6: 19.99
A7: Conecta Sencillo | B7: Conecta Sencillo prime | C7: Fibra 1000 Mb · Router WiFi 6 · Instalación gratis · 1 línea móvil 100 GB acumulables con llamadas ilimitadas · 12 meses de Amazon Prime | D7: 1 | E7: 100 GB acumulables | F7: 24.99
A8: Conecta Doble | B8: Conecta Doble prime | C8: Fibra 1000 Mb · Router WiFi 6 · Instalación gratis · 2 líneas móviles 5G 100 GB acumulables con llamadas ilimitadas · 12 meses de Amazon Prime | D8: 2 | E8: 100 GB acumulables (5G) | F8: 34.99
A9: Conecta Sin Límites | B9: Conecta Sin Límites prime | C9: Fibra 1000 Mb · Router WiFi 6 · Instalación gratis · 2 líneas móviles 5G con datos ilimitados y llamadas ilimitadas · 12 meses de Amazon Prime | D9: 2 | E9: Datos ilimitados (5G) | F9: 39.99
A11: BONOS PARA LÍNEAS MÓVILES ADICIONALES (€/mes) · todas con llamadas ilimitadas · máx. 5 líneas por cliente
A12: Tarifa | B12: 25 GB | C12: 50 GB | D12: 100 GB acumulables | E12: Datos ilimitados
A13: Conecta Fibra | B13: 5 | C13: — | D13: — | E13: 12
A14: Conecta Sencillo | B14: 5 | C14: 7.5 | D14: — | E14: 12
A15: Conecta Doble | B15: — | C15: — | D15: 5 | E15: —
A16: Conecta Sin Límites | B16: — | C16: — | D16: — | E16: 10
A17: «—» = bono no disponible con esa tarifa.
A19: EXTRAS (€/mes)
A20: Concepto | B20: €/mes | C20: Nota
A21: Línea de teléfono fijo | B21: 5 | C21: 1.000 min a fijos y 1.000 min a móviles nacionales
A22: Televisión CLICtv (con deco) | B22: 5
A23: Canal Local CLICtv | B23: 0 | C23: Gratuito hasta el 31/12/2026 según el tarifario; actualiza el precio cuando cambie
A24: Conecta Mesh (por dispositivo) | B24: 3.99
A26: DATOS DE EMPRESA (aparecen en la oferta)
A27: Empresa | B27: MESENERGIA
A28: Web | B28: www.mesenergia.es
A29: Email de contacto
A30: Teléfono de contacto
A31: Operadora | B31: AVATEL
A32: Texto de presentación | B32: En MESENERGIA somos distribuidores oficiales de AVATEL y comercializamos ofertas exclusivas diseñadas específicamente para nuestros clientes, con condiciones preferentes y promociones especiales no disponibles en otros canales.
A34: TEXTOS DE LA OFERTA (lo que lee el cliente)
A35: Fibra óptica | B35: Conexión a Internet de alta velocidad mediante red de fibra óptica de 1 Gb (1000 Mb), con router WiFi 6 incluido e instalación gratuita.
A36: Teléfono fijo (tras el número) | B36: con 1.000 minutos a fijos y 1.000 minutos a móviles nacionales.
A37: Televisión | B37: Servicio de televisión CLICtv con decodificador incluido, para disfrutar de tus canales y contenidos favoritos.
A38: Canal Local | B38: Incluye además el Canal Local de CLICtv, con LALIGA HYPERMOTION y PRIMERA RFEF.
A39: Amazon Prime | B39: 12 meses de Amazon Prime incluidos con tu tarifa, conforme a las condiciones del proveedor del servicio.
A40: Nota al pie | B40: Precios con IVA incluido. Servicios prestados por AVATEL, sujetos a cobertura y a la validación de los datos del titular por parte de la operadora.

Sheet CALC
A1: Hoja auxiliar: no editar. La usa la hoja OFERTA.
A2: Línea | B2: Número | C2: Datos | D2: Viñeta
A3: Línea principal | B3: =DATOS!$C$24&"" -> 612345678 | C3: =DATOS!$E$24&"" -> Datos ilimitados (5G) | D3: =IF(B3="","",CHAR(10)&"• "&A3&" "&IF(LEN(B3)=9,LEFT(B3,3)&" "&MID(B3,4,3)&" "&MID(B3,7,3),B3&"")&" · "&C3) -> • Línea principal 612 345 678 · Datos ilimitados (5G)
A4: Línea adicional | B4: =DATOS!$C$25&"" -> 623456789 | C4: =DATOS!$E$25&"" -> Datos ilimitados (5G) | D4: =IF(B4="","",CHAR(10)&"• "&A4&" "&IF(LEN(B4)=9,LEFT(B4,3)&" "&MID(B4,4,3)&" "&MID(B4,7,3),B4&"")&" · "&C4) -> • Línea adicional 623 456 789 · Datos ilimitados (5G)
A5: Línea adicional | B5: =DATOS!$C$26&"" -> 634567890 | C5: =DATOS!$E$26&"" -> Datos ilimitados | D5: =IF(B5="","",CHAR(10)&"• "&A5&" "&IF(LEN(B5)=9,LEFT(B5,3)&" "&MID(B5,4,3)&" "&MID(B5,7,3),B5&"")&" · "&C5) -> • Línea adicional 634 567 890 · Datos ilimitados
A6: Línea adicional | B6: =DATOS!$C$27&"" | C6: =DATOS!$E$27&"" | D6: =IF(B6="","",CHAR(10)&"• "&A6&" "&IF(LEN(B6)=9,LEFT(B6,3)&" "&MID(B6,4,3)&" "&MID(B6,7,3),B6&"")&" · "&C6)
A7: Línea adicional | B7: =DATOS!$C$28&"" | C7: =DATOS!$E$28&"" | D7: =IF(B7="","",CHAR(10)&"• "&A7&" "&IF(LEN(B7)=9,LEFT(B7,3)&" "&MID(B7,4,3)&" "&MID(B7,7,3),B7&"")&" · "&C7)
A8: Nº líneas | B8: =SUMPRODUCT(--(LEN(B3:B7)>0)) -> 3
A10: Servicio | B10: Incluir | C10: Título | D10: Descripción | E10: Acum.
A11: Fibra | B11: =IF(TRUE(),1,0) -> 1 | C11: Fibra óptica 1 Gb | D11: =TARIFAS!$B$35&IF(N(DATOS!$C$36)>0," Incluye "&DATOS!$C$36&IF(DATOS!$C$36=1," dispositivo Conecta Mesh"," dispositivos Conecta Mesh")&" para ampliar la cobertura WiFi en toda la vivienda.","") -> Conexión a Internet de alta velocidad mediante red de fibra óptica de 1 Gb (1000 Mb), con router WiFi 6 incluido e instalación gratuita. Incluye 1 dispositivo Conecta Mesh para ampliar la cobertura WiFi en toda la vivienda. | E11: =B11 -> 1
A12: Móvil | B12: =IF($B$8>0,1,0) -> 1 | C12: Telefonía móvil | D12: =IF($B$8=1,"Línea móvil en modalidad de portabilidad, con llamadas ilimitadas a destinos nacionales:","Líneas móviles en modalidad de portabilidad, todas con llamadas ilimitadas a destinos nacionales:")&D3&D4&D5&D6&D7 -> Líneas móviles en modalidad de portabilidad, todas con llamadas ilimitadas a destinos nacionales: • Línea principal 612 345 678 · Datos ilimitados (5G) • Línea adicional 623 456 789 · Datos ilimitados (5G) • Línea adicional 634 567 890 · Datos ilimitados | E12: =E11+B12 -> 2
A13: Fijo | B13: =IF(DATOS!$C$31<>"",1,0) -> 1 | C13: Telefonía fija | D13: ="Línea de teléfono fijo en modalidad de portabilidad con el número "&IF(LEN(DATOS!$C$31)=9,LEFT(DATOS!$C$31,3)&" "&MID(DATOS!$C$31,4,3)&" "&MID(DATOS!$C$31,7,3),DATOS!$C$31&"")&", "&TARIFAS!$B$36 -> Línea de teléfono fijo en modalidad de portabilidad con el número 944 123 456, con 1.000 minutos a fijos y 1.000 minutos a móviles nacionales. | E13: =E12+B13 -> 3
A14: TV | B14: =IF(DATOS!$C$34="Sí",1,0) -> 1 | C14: Televisión | D14: =TARIFAS!$B$37&IF(DATOS!$C$35="Sí"," "&TARIFAS!$B$38,"") -> Servicio de televisión CLICtv con decodificador incluido, para disfrutar de tus canales y contenidos favoritos. | E14: =E13+B14 -> 4
A15: Amazon | B15: =IF(TRUE(),1,0) -> 1 | C15: Amazon Prime | D15: =TARIFAS!$B$39&"" -> 12 meses de Amazon Prime incluidos con tu tarifa, conforme a las condiciones del proveedor del servicio. | E15: =E14+B15 -> 5
A16: Ventajas | B16: =IF(DATOS!$C$37<>"",1,0) -> 0 | C16: Ventajas +Energía | D16: =DATOS!$C$37&"" | E16: =E15+B16 -> 5
A18: Orden | C18: Título | D18: Descripción
A19: 1 | C19: =IFERROR(INDEX($C$11:$C$16,MATCH(1,$E$11:$E$16,0)),"") -> Fibra óptica 1 Gb | D19: =IFERROR(INDEX($D$11:$D$16,MATCH(1,$E$11:$E$16,0)),"") -> Conexión a Internet de alta velocidad mediante red de fibra óptica de 1 Gb (1000 Mb), con router WiFi 6 incluido e instalación gratuita. Incluye 1 dispositivo Conecta Mesh para ampliar la cobertura WiFi en toda la vivienda.
A20: 2 | C20: =IFERROR(INDEX($C$11:$C$16,MATCH(2,$E$11:$E$16,0)),"") -> Telefonía móvil | D20: =IFERROR(INDEX($D$11:$D$16,MATCH(2,$E$11:$E$16,0)),"") -> Líneas móviles en modalidad de portabilidad, todas con llamadas ilimitadas a destinos nacionales: • Línea principal 612 345 678 · Datos ilimitados (5G) • Línea adicional 623 456 789 · Datos ilimitados (5G) • Línea adicional 634 567 890 · Datos ilimitados
A21: 3 | C21: =IFERROR(INDEX($C$11:$C$16,MATCH(3,$E$11:$E$16,0)),"") -> Telefonía fija | D21: =IFERROR(INDEX($D$11:$D$16,MATCH(3,$E$11:$E$16,0)),"") -> Línea de teléfono fijo en modalidad de portabilidad con el número 944 123 456, con 1.000 minutos a fijos y 1.000 minutos a móviles nacionales.
A22: 4 | C22: =IFERROR(INDEX($C$11:$C$16,MATCH(4,$E$11:$E$16,0)),"") -> Televisión | D22: =IFERROR(INDEX($D$11:$D$16,MATCH(4,$E$11:$E$16,0)),"") -> Servicio de televisión CLICtv con decodificador incluido, para disfrutar de tus canales y contenidos favoritos.
A23: 5 | C23: =IFERROR(INDEX($C$11:$C$16,MATCH(5,$E$11:$E$16,0)),"") -> Amazon Prime | D23: =IFERROR(INDEX($D$11:$D$16,MATCH(5,$E$11:$E$16,0)),"") -> 12 meses de Amazon Prime incluidos con tu tarifa, conforme a las condiciones del proveedor del servicio.
A24: 6 | C24: =IFERROR(INDEX($C$11:$C$16,MATCH(6,$E$11:$E$16,0)),"") | D24: =IFERROR(INDEX($D$11:$D$16,MATCH(6,$E$11:$E$16,0)),"")
A27: Resumen | D27: ="Fibra 1 Gb"&IF($B$8>0," · "&$B$8&IF($B$8=1," línea móvil"," líneas móviles"),"")&IF(DATOS!$C$31<>""," · Teléfono fijo","")&IF(DATOS!$C$34="Sí"," · Televisión","")&" · Amazon Prime" -> Fibra 1 Gb · 3 líneas móviles · Teléfono fijo · Televisión · Amazon Prime
